{"cameraMode":{"drawMode":0,"name":"Shaded","section":"Shading Mode"},"sceneLighting":true,"audioPlay":false,"sceneViewState":{"m_AlwaysRefresh":false,"showFog":true,"showSkybox":true,"showFlares":true,"showImageEffects":true,"showParticleSystems":true,"showVisualEffectGraphs":true,"m_FxEnabled":true},"in2DMode":false,"pivot":{"x":1014.8367919921875,"y":571.6680908203125,"z":-409.347412109375},"rotation":{"x":0.04079994186758995,"y":-0.0018213109578937293,"z":0.00011055341747123748,"w":0.9992291331291199},"size":279.1295471191406,"orthographic":false}