{"cameraMode":{"drawMode":0,"name":"Shaded","section":"Shading Mode"},"sceneLighting":false,"audioPlay":false,"sceneViewState":{"m_AlwaysRefresh":false,"showFog":true,"showSkybox":false,"showFlares":true,"showImageEffects":true,"showParticleSystems":true,"showVisualEffectGraphs":true,"m_FxEnabled":true},"in2DMode":false,"pivot":{"x":-0.1496443748474121,"y":-0.39537298679351809,"z":-0.19793367385864259},"rotation":{"x":0.03845451772212982,"y":-0.9614202380180359,"z":0.18421179056167603,"w":0.20069481432437898},"size":7.908908843994141,"orthographic":false}