{"cameraMode":{"drawMode":0,"name":"Shaded","section":"Shading Mode"},"sceneLighting":false,"audioPlay":false,"sceneViewState":{"m_AlwaysRefresh":false,"showFog":true,"showSkybox":false,"showFlares":true,"showImageEffects":true,"showParticleSystems":true,"showVisualEffectGraphs":true,"m_FxEnabled":true},"in2DMode":false,"pivot":{"x":-0.06937223672866821,"y":0.23807227611541749,"z":-0.0002110302448272705},"rotation":{"x":0.01459861733019352,"y":-0.9836146831512451,"z":0.15350086987018586,"w":0.09351914376020432},"size":0.6641830205917358,"orthographic":false}