{"cameraMode":{"drawMode":0,"name":"Shaded","section":"Shading Mode"},"sceneLighting":false,"audioPlay":false,"sceneViewState":{"m_AlwaysRefresh":false,"showFog":true,"showSkybox":false,"showFlares":true,"showImageEffects":true,"showParticleSystems":true,"showVisualEffectGraphs":true,"m_FxEnabled":true},"in2DMode":false,"pivot":{"x":0.04645094275474548,"y":1.5168877840042115,"z":0.05918228626251221},"rotation":{"x":-0.033414583653211597,"y":0.9538376927375794,"z":-0.27511662244796755,"w":-0.11587251722812653},"size":2.085861921310425,"orthographic":false}