{"cameraMode":{"drawMode":0,"name":"Shaded","section":"Shading Mode"},"sceneLighting":false,"audioPlay":false,"sceneViewState":{"m_AlwaysRefresh":false,"showFog":true,"showSkybox":false,"showFlares":true,"showImageEffects":true,"showParticleSystems":true,"showVisualEffectGraphs":true,"m_FxEnabled":true},"in2DMode":false,"pivot":{"x":138.28359985351563,"y":260.60113525390627,"z":176.14874267578126},"rotation":{"x":0.03845451772212982,"y":-0.9614202380180359,"z":0.18421179056167603,"w":0.20069481432437898},"size":14.765914916992188,"orthographic":false}