{"cameraMode":{"drawMode":0,"name":"Shaded","section":"Shading Mode"},"sceneLighting":false,"audioPlay":false,"sceneViewState":{"m_AlwaysRefresh":false,"showFog":true,"showSkybox":false,"showFlares":true,"showImageEffects":true,"showParticleSystems":true,"showVisualEffectGraphs":true,"m_FxEnabled":true},"in2DMode":false,"pivot":{"x":0.060307614505290988,"y":0.025956787168979646,"z":-0.005278736352920532},"rotation":{"x":-0.033414583653211597,"y":0.9538376927375794,"z":-0.27511662244796755,"w":-0.11587251722812653},"size":0.3952776789665222,"orthographic":false}