{"cameraMode":{"drawMode":0,"name":"Shaded","section":"Shading Mode"},"sceneLighting":false,"audioPlay":false,"sceneViewState":{"m_AlwaysRefresh":false,"showFog":true,"showSkybox":false,"showFlares":true,"showImageEffects":true,"showParticleSystems":true,"showVisualEffectGraphs":true,"m_FxEnabled":true},"in2DMode":false,"pivot":{"x":0.039685800671577457,"y":0.10471870005130768,"z":0.003928691148757935},"rotation":{"x":0.03845451772212982,"y":-0.9614202380180359,"z":0.18421179056167603,"w":0.20069481432437898},"size":0.36260294914245608,"orthographic":false}