{"cameraMode":{"drawMode":0,"name":"Shaded","section":"Shading Mode"},"sceneLighting":false,"audioPlay":false,"sceneViewState":{"m_AlwaysRefresh":false,"showFog":true,"showSkybox":false,"showFlares":true,"showImageEffects":true,"showParticleSystems":true,"showVisualEffectGraphs":true,"m_FxEnabled":true},"in2DMode":false,"pivot":{"x":0.015780627727508546,"y":0.05640527606010437,"z":-0.06821686029434204},"rotation":{"x":-0.033414583653211597,"y":0.9538376927375794,"z":-0.27511662244796755,"w":-0.11587251722812653},"size":0.8030837774276733,"orthographic":false}