{"cameraMode":{"drawMode":0,"name":"Shaded","section":"Shading Mode"},"sceneLighting":false,"audioPlay":false,"sceneViewState":{"m_AlwaysRefresh":false,"showFog":true,"showSkybox":false,"showFlares":true,"showImageEffects":true,"showParticleSystems":true,"showVisualEffectGraphs":true,"m_FxEnabled":true},"in2DMode":false,"pivot":{"x":-0.0014757513999938965,"y":0.04658596217632294,"z":0.002940148115158081},"rotation":{"x":-0.033414583653211597,"y":0.9538376927375794,"z":-0.27511662244796755,"w":-0.11587251722812653},"size":0.4201746881008148,"orthographic":false}